ROME_Code,Nom,Adresse,Potentiel_d_embauche,Postal_Code,dpt
M1806,CAPGEMINI TECHNOLOGY SERVICES,"145 QUAI DU PRESIDENT ROOSEVELT, 92130 ISSY-LES-MOULINEAUX",4.6,92130,92
M1806,CAPGEMINI TECHNOLOGY SERVICES,"7 AVENUE MARIE LOUISE DELWAULLE, 59160 LILLE",4.5,59160,59
M1806,ONG CONSEIL,"12 RUE GERMAIN, 69006 LYON-06",4.5,69006,69
M1806,SOPRA STERIA GROUP,"Service des ressources humaines, 5 PLACE DE L IRIS, 92400 COURBEVOIE",4.5,92400,92
M1806,INFODIS IT,"Service des ressources humaines, 165 AV DU BOIS DE LA PIE, 95700 ROISSY-EN-FRANCE",4.5,95700,95
M1806,EXPERIS FRANCE,"Service des ressources humaines, 22 RUE HERGE, 59650 VILLENEUVE-D-ASCQ",4.3,59650,59
M1806,ADAMING SERVICES,"Service des ressources humaines, 2 RUE HEGEL, 59160 LILLE",4.1,59160,59
M1806,AKSIS PROFIL EMPLOI PROFILEMPLOI,"18 RUE CHARLES PICARD, 02100 SAINT-QUENTIN",4.5,2100,2
M1806,PENELOPE L'AGENCE,"Service des ressources humaines, 39 BOULEVARD VAUBAN, 78280 GUYANCOURT",4.2,78280,78
M1806,ETIC EVENEMENT,"Service des ressources humaines, 21 RUE ELIE PELAS, 13016 MARSEILLE-16",4.5,13016,13
M1806,CAPGEMINI TECHNOLOGY SERVICES,"Service des ressources humaines, 109 AVENUE DU GENERAL EISENHOWER, 31100 TOULOUSE",4.4,31100,31
M1806,SYNCHRONE,"Service des ressources humaines, 405 AVENUE GALILEE, 13290 AIX-EN-PROVENCE",4.5,13290,13
M1806,SOCIETE POUR L'INFORMATIQUE INDUSTRIELLE,"5 RUE PAULIN TALABOT, 31100 TOULOUSE",4.3,31100,31
M1806,GFI INFORMATIQUE,"Service des ressources humaines, 17 RUE EDOUARD DELESALLE, 59800 LILLE",4.5,59800,59
M1806,CAPGEMINI TECHNOLOGY SERVICES,"43 RUE PRE GAUDRY, 69007 LYON-07",4.3,69007,69
M1806,ASTEK,"Service des ressources humaines,  RUE DE LA TERRE VICTORIA, 35760 SAINT-GREGOIRE",3.8,35760,35
M1806,RENNES ATALANTE LES LANTHANIDES,"2 RUE CLAUDE CHAPPE, 35510 CESSON-SEVIGNE",3.8,35510,35
M1806,OBJECTWARE,"191 RUE SAINT HONORE, 75001 PARIS-01",4.0,75001,75
M1806,TALAN SOLUTIONS,"Service des ressources humaines, 18 RUE LA PEROUSE, 75116 PARIS-16",4.0,75116,75
M1806,CGI FRANCE,"Service des ressources humaines,  AV DU DOCTEUR MAURICE GRYNFOGEL, 31100 TOULOUSE",4.4,31100,31
H1206,ALTEN SUD OUEST," RUE ALAIN FOURNIER, 31300 TOULOUSE",4.6,31300,31
H1206,CAPGEMINI TECHNOLOGY SERVICES,"145 QUAI DU PRESIDENT ROOSEVELT, 92130 ISSY-LES-MOULINEAUX",4.6,92130,92
H1206,CAPGEMINI TECHNOLOGY SERVICES,"7 AVENUE MARIE LOUISE DELWAULLE, 59160 LILLE",4.5,59160,59
H1206,CAPGEMINI DEMS FRANCE,"350 AV J R G GAUTIER DE LA LAUZIERE, 13290 AIX-EN-PROVENCE",4.5,13290,13
H1206,SARL EVEHA,"84 RUE JEAN BAPTISTE COLBERT, 10600 LA-CHAPELLE-SAINT-LUC",4.4,10600,10
H1206,APTISKILLS SUD-OUEST,"11 RUE DES GAMINS, 33800 BORDEAUX",4.4,33800,33
H1206,CEA CENTRE DE CADARACHE,"Service des ressources humaines, 13115 SAINT-PAUL-LES-DURANCE",4.5,13115,13
H1206,PROTISVALOR MEDITERRANEE,"Service des ressources humaines, 58 BD CHARLES LIVON, 13007 MARSEILLE-07",4.5,13007,13
H1206,OTICON MEDICAL,"Service des ressources humaines, 2720 CHEMIN SAINT BERNARD, 06220 VALLAURIS",4.4,6220,6
H1206,BATIGERE DEVELOPPEMENT GRAND EST,"Service des ressources humaines, 1 RUE DU PONT ROUGE, 57070 METZ",4.6,57070,57
H1206,SOPRA STERIA GROUP,"Service des ressources humaines, 5 PLACE DE L IRIS, 92400 COURBEVOIE",4.5,92400,92
H1206,UMLAUT,"Service des ressources humaines, 3 BOULEVARD HENRI ZIEGLER, 31700 BLAGNAC",4.5,31700,31
H1206,AFD TECHNOLOGIES,"Service des ressources humaines, 50 AVENUE DES CHAMPS ELYSEES, 75008 PARIS-08",4.5,75008,75
H1206,EFFY CONNECT,"Service des ressources humaines, 33 AVENUE DU MAINE, 75015 PARIS-15",4.3,75015,75
H1206,SA GENFIT,"Service des ressources humaines, 885 AV EUGENE AVINEE, 59120 LOOS",4.4,59120,59
H1206,ALGAIA," ZONE DE MENEZ BRAS, 29870 LANNILIS",4.3,29870,29
H1206,CEA SACLAY,"Service des ressources humaines,  ROUTE DEPARTEMENTALE 306, 91190 SAINT-AUBIN",4.7,91190,91
H1206,ROQUETTE FRERES,"Service des ressources humaines, 80800 VECQUEMONT",4.3,80800,80
H1206,CENTRE RECHERCHE D'AUVERGNE-RHONE-ALPES,"Service des ressources humaines,  BUREAU DU PERSONNEL, 63122 SAINT-GENES-CHAMPANELLE",4.5,63122,63
H1206,POWER DISTRIB,"4 A RUE DE LUCIE, 33560 CARBON-BLANC",4.3,33560,33
M1403,MANPOWER (EUROPE),"118 BOULEVARD DE L EUROPE, 76100 ROUEN",2.5,76100,76
M1403,S.N.CA,"21 RUE ELIE PELAS, 13016 MARSEILLE-16",4.4,13016,13
M1403,ONG CONSEIL,"12 RUE GERMAIN, 69006 LYON-06",4.4,69006,69
M1403,CAPGEMINI TECHNOLOGY SERVICES,"145 QUAI DU PRESIDENT ROOSEVELT, 92130 ISSY-LES-MOULINEAUX",4.4,92130,92
M1403,QUALIMETRIE,"Service des ressources humaines, 72 RUE DU COQ FRANCAIS, 59100 ROUBAIX",4.7,59100,59
M1403,CPAM SEINE SAINT DENIS,"Service des ressources humaines, 195 AVENUE PAUL VAILLANT COUTURIER, 93000 BOBIGNY",4.4,93000,93
M1403,ARMATIS POITIERS,"6 BOULEVARD NICEPHORE NIEPCE, 86360 CHASSENEUIL-DU-POITOU",4.5,86360,86
M1403,MD CONSULTING,"Service des ressources humaines, 12 AVENUE ARISTIDE BRIAND, 76000 ROUEN",4.6,76000,76
M1403,ETIC EVENEMENT,"Service des ressources humaines, 21 RUE ELIE PELAS, 13016 MARSEILLE-16",4.4,13016,13
M1403,CENTRE EUROPEEN DE FORMATION,"Service des ressources humaines, 19 RUE NICOLAS APPERT, 59650 VILLENEUVE-D-ASCQ",3.8,59650,59
M1403,PENELOPE L'AGENCE,"Service des ressources humaines, 39 BOULEVARD VAUBAN, 78280 GUYANCOURT",3.9,78280,78
M1403,VIAFIELD,"16 RUE DE MALZEVILLE, 54130 DOMMARTEMONT",3.9,54130,54
M1403,AKSIS PROFIL EMPLOI PROFILEMPLOI,"18 RUE CHARLES PICARD, 02100 SAINT-QUENTIN",4.1,2100,2
M1403,AXA ASSISTANCE FRANCE,"Service des ressources humaines, 6 RUE ANDRE GIDE, 92320 CHATILLON",3.6,92320,92
M1403,PROCHEQUE NORD,"Service des ressources humaines, 137 RUE DU FONTENOY, 59100 ROUBAIX",4.4,59100,59
M1403,CAPGEMINI TECHNOLOGY SERVICES,"7 AVENUE MARIE LOUISE DELWAULLE, 59160 LILLE",3.5,59160,59
M1403,REGLE DE TROIS INSTITUT,"Service des ressources humaines, 2B RUE PRINCESSE, 59800 LILLE",3.9,59800,59
M1403,SA TEST,"Service des ressources humaines, 7 RUE JEAN MERMOZ, 78000 VERSAILLES",4.5,78000,78
M1403,OPTEVEN,"Service des ressources humaines, 10 RUE OLYMPE DE GOUGES, 69100 VILLEURBANNE",3.6,69100,69
M1403,SOPRA STERIA GROUP,"Service des ressources humaines, 5 PLACE DE L IRIS, 92400 COURBEVOIE",3.5,92400,92
G1302,KARAVEL,"Service des ressources humaines, 17 RUE DE L ECHIQUIER, 75010 PARIS-10",3.1,75010,75
G1302,GRAND MASSIF SAMOENS MORILLON,"Service des ressources humaines,  PLATEAU DES SAIX, 74340 SAMOENS",2.7,74340,74
G1302,CLUB MED,"Service des ressources humaines,  HAMEAU DU BOIS DE LA CROIX, 73260 LES-AVANCHERS-VALMOREL",2.7,73260,73
G1302,CLUB MED LA ROSIERE,"1400 ROUTE DU GOLF, 73700 MONTVALEZAN",3.1,73700,73
G1302,CLUB MEDITERRANEE SA," ALLEE DU GRAND LARGE, 17570 LES-MATHES",3.1,17570,17
G1302,CLUB MEDITERRANE LA SARENNE,"Service des ressources humaines,  DE L HELIPORT, 38750 HUEZ",2.5,38750,38
G1302,CLUB MED," LES ARCS 1600, 73700 BOURG-SAINT-MAURICE",3.1,73700,73
G1302,SA HOTEL CHATEAU DE LA MESSARDIERE," CHEMIN DE LA BELLE ISNARDE, 83990 SAINT-TROPEZ",2.5,83990,83
G1302,CLUB MED VOYAGES,"Service des ressources humaines, 11 RUE DE CAMBRAI, 75019 PARIS-19",2.5,75019,75
G1302,HOTEL BYBLOS,"Service des ressources humaines,  AVENUE PAUL SIGNAC, 83990 SAINT-TROPEZ",2.5,83990,83
G1302,VOYAGE PRIVE,"330 RUE PASCAL DUVERGER, 13090 AIX-EN-PROVENCE",2.5,13090,13
G1302,TUI,"28 RUE JACQUES IBERT, 92300 LEVALLOIS-PERRET",3.1,92300,92
G1302,FRAM,"13 RUE ANTOINE DEVILLE, 31000 TOULOUSE",2.5,31000,31
G1302,CHEVAL BLANC ST-TROPEZ," QUARTIER DE LA BOUILLABAISSE, 83990 SAINT-TROPEZ",2.5,83990,83
G1302,CE EVASION,"12 RUE DE LA CHAUSSEE D ANTIN, 75009 PARIS-09",2.5,75009,75
G1302,CLUB MED,"Service des ressources humaines,  AVENUE BOULOUMIE, 88800 VITTEL",2.7,88800,88
G1302,CLUB MEDITERRANNÃ‰E,"Service des ressources humaines,  SERRE CHEVALIER, 05240 LA-SALLE-LES-ALPES",2.5,5240,5
M1801,MANPOWER (EUROPE),"118 BOULEVARD DE L EUROPE, 76100 ROUEN",2.5,76100,76
M1801,CAPGEMINI TECHNOLOGY SERVICES,"145 QUAI DU PRESIDENT ROOSEVELT, 92130 ISSY-LES-MOULINEAUX",4.6,92130,92
M1801,CAPGEMINI TECHNOLOGY SERVICES,"7 AVENUE MARIE LOUISE DELWAULLE, 59160 LILLE",4.5,59160,59
M1801,SOMAINTEL,"Service des ressources humaines,  IMPASSE DES CRINS, 81990 LE-SEQUESTRE",4.4,81990,81
M1801,SOPRA STERIA GROUP,"Service des ressources humaines, 5 PLACE DE L IRIS, 92400 COURBEVOIE",4.5,92400,92
M1801,ADAMING SERVICES,"Service des ressources humaines, 2 RUE HEGEL, 59160 LILLE",4.2,59160,59
M1801,INFODIS IT,"Service des ressources humaines, 165 AV DU BOIS DE LA PIE, 95700 ROISSY-EN-FRANCE",4.5,95700,95
M1801,EXPERIS FRANCE,"Service des ressources humaines, 22 RUE HERGE, 59650 VILLENEUVE-D-ASCQ",4.4,59650,59
M1801,AVEM,"Service des ressources humaines, 14 RUE LOUIS BLERIOT, 35170 BRUZ",4.5,35170,35
M1801,TELIMA INFOSERVICES,"Service des ressources humaines, 12 RUE ROBERT MOINON, 95190 GOUSSAINVILLE",4.3,95190,95
M1801,ECONOCOM INFOGERANCE SYSTEMES,"21 AVENUE DESCARTES, 92350 LE-PLESSIS-ROBINSON",4.5,92350,92
M1801,INSIEMA,"Service des ressources humaines, 12 RUE DU FORT DE SAINT CYR, 78180 MONTIGNY-LE-BRETONNEUX",4.2,78180,78
M1801,ONG CONSEIL,"12 RUE GERMAIN, 69006 LYON-06",4.0,69006,69
M1801,CAPGEMINI TECHNOLOGY SERVICES,"Service des ressources humaines, 109 AVENUE DU GENERAL EISENHOWER, 31100 TOULOUSE",4.5,31100,31
M1801,OBJECTWARE,"191 RUE SAINT HONORE, 75001 PARIS-01",4.1,75001,75
M1801,TESSI 2 M,"Service des ressources humaines, 5 RUE DE COIVREL, 60420 MAIGNELAY-MONTIGNY",3.9,60420,60
M1801,ASTEK,"Service des ressources humaines,  RUE DE LA TERRE VICTORIA, 35760 SAINT-GREGOIRE",3.8,35760,35
M1801,RENNES ATALANTE LES LANTHANIDES,"2 RUE CLAUDE CHAPPE, 35510 CESSON-SEVIGNE",3.8,35510,35
M1801,SYNCHRONE,"Service des ressources humaines, 405 AVENUE GALILEE, 13290 AIX-EN-PROVENCE",4.5,13290,13
M1801,TALAN SOLUTIONS,"Service des ressources humaines, 18 RUE LA PEROUSE, 75116 PARIS-16",4.1,75116,75
H1402,ALTEN SUD OUEST," RUE ALAIN FOURNIER, 31300 TOULOUSE",3.8,31300,31
H1402,SEGULA GLOBAL SERVICES,"32 CHEMIN DE LA TUILIERE, 13127 VITROLLES",3.8,13127,13
H1402,CAPGEMINI TECHNOLOGY SERVICES,"145 QUAI DU PRESIDENT ROOSEVELT, 92130 ISSY-LES-MOULINEAUX",3.5,92130,92
H1402,CAPRISK DEVELOPMENT,"Service des ressources humaines,  AV J R G GAUTIER DE LA LAUZIERE, 13290 AIX-EN-PROVENCE",3.8,13290,13
H1402,CAPGEMINI DEMS FRANCE,"350 AV J R G GAUTIER DE LA LAUZIERE, 13290 AIX-EN-PROVENCE",3.0,13290,13
H1402,AFD TECHNOLOGIES,"Service des ressources humaines, 50 AVENUE DES CHAMPS ELYSEES, 75008 PARIS-08",3.0,75008,75
H1402,ALTRAN TECHNOLOGIES,"1035 RUE EMILIEN GAUTIER, 13290 AIX-EN-PROVENCE",3.0,13290,13
H1402,ONG CONSEIL,"12 RUE GERMAIN, 69006 LYON-06",2.8,69006,69
H1402,MODIS FRANCE,"90 ESPLANADE GENERAL DE GAULLE, 92400 COURBEVOIE",3.0,92400,92
H1402,METALINE DATA CENTER SERVICES,"183 AVENUE GEORGES CLEMENCEAU, 92000 NANTERRE",3.0,92000,92
H1402,UMLAUT,"Service des ressources humaines, 3 BOULEVARD HENRI ZIEGLER, 31700 BLAGNAC",2.7,31700,31
H1402,VULCAIN SERVICES,"Service des ressources humaines, 5 RUE BEFFROY, 92200 NEUILLY-SUR-SEINE",3.0,92200,92
H1402,ETIC EVENEMENT,"Service des ressources humaines, 21 RUE ELIE PELAS, 13016 MARSEILLE-16",2.8,13016,13
H1402,DEVOTEAM,"Service des ressources humaines, 73 RUE ANATOLE FRANCE, 92300 LEVALLOIS-PERRET",3.0,92300,92
H1402,AERO XV - YMCA SERVICES,"Service des ressources humaines,  CHEMIN RIVIERE DE REGOURD, 46000 CAHORS",2.7,46000,46
H1402,CAPGEMINI TECHNOLOGY SERVICES,"7 AVENUE MARIE LOUISE DELWAULLE, 59160 LILLE",2.5,59160,59
H1402,APTISKILLS SUD-OUEST,"11 RUE DES GAMINS, 33800 BORDEAUX",2.5,33800,33
H1402,MEOTEC,"Service des ressources humaines, 27 QUAI ALPHONSE LE GALLO, 92100 BOULOGNE-BILLANCOURT",2.7,92100,92
H1402,ALTEN DDPS,"65 AVENUE EDOUARD VAILLANT, 92100 BOULOGNE-BILLANCOURT",3.5,92100,92
H1402,SOPRA STERIA GROUP,"Service des ressources humaines, 5 PLACE DE L IRIS, 92400 COURBEVOIE",2.5,92400,92
E1402,IMPACT SALES MARKETING," RUE VICTOR HUGO, 92300 LEVALLOIS-PERRET",3.5,92300,92
E1402,SERVICE INNOVATION GROUP FRANCE,"Service des ressources humaines, 32 AVENUE DE L EUROPE, 78140 VELIZY-VILLACOUBLAY",3.1,78140,78
E1402,MASTERSERVICE,"4B RUE SULLY, 51310 ESTERNAY",3.1,51310,51
E1402,ONG CONSEIL,"12 RUE GERMAIN, 69006 LYON-06",2.8,69006,69
E1402,ETIC EVENEMENT,"Service des ressources humaines, 21 RUE ELIE PELAS, 13016 MARSEILLE-16",2.8,13016,13
E1402,PUBLICITE REGIES EDITION & COMMUNICATI,"10 RUE DU BREIL, 35000 RENNES",2.7,35000,35
E1402,CPM FRANCE,"143 AVENUE DE VERDUN, 92130 ISSY-LES-MOULINEAUX",3.1,92130,92
E1402,DMF SALES & MARKETING,"Service des ressources humaines, 4 AVENUE LAURENT CELY, 92600 ASNIERES-SUR-SEINE",2.7,92600,92
E1402,FRANCE TELEVISIONS PUBLICITE,"Service des ressources humaines, 64 AV J B CLEMENT, 92100 BOULOGNE-BILLANCOURT",2.5,92100,92
E1402,ADREXO,"Service des ressources humaines, 31 AVENUE DE LARRIEU, 31100 TOULOUSE",2.7,31100,31
E1402,MEDIABRANDS,"28 BOULEVARD DU PARC, 92200 NEUILLY-SUR-SEINE",2.5,92200,92
E1402,ADREXO,"Service des ressources humaines, 92 RUE DE LA CROIX WARESQUEL, 59273 FRETIN",2.5,59273,59
E1402,AKSIS PROFIL EMPLOI PROFILEMPLOI,"18 RUE CHARLES PICARD, 02100 SAINT-QUENTIN",2.5,2100,2
E1402,FYM ACTION,"Service des ressources humaines,  RUE JOSEPH BIGOT, 56850 CAUDAN",2.5,56850,56
E1402,PROSPECTUS MAILING ADRESSE BAL GEOMARK,"Service des ressources humaines, 2 RUE PAQUETTE, 62231 COQUELLES",2.5,62231,62
E1402,MEDIAGARES,"Service des ressources humaines, 35 RUE PLEYEL, 93200 SAINT-DENIS",2.5,93200,93
E1402,PROSPECTUS MAILING ADRESSE BAL GEOMARK,"Service des ressources humaines, 1 CHEMIN CLASTROIS, 02430 GAUCHY",3.3,2430,2
E1402,AZUR PROMOTION,"120 AVENUE DU MARIN BLANC, 13400 AUBAGNE",4.4,13400,13
E1402,PROSPECTUS MAILING ADRESSE BAL GEOMARK,"Service des ressources humaines,  AVENUE PIERRE ET MARIE CURIE, 83160 LA-VALETTE-DU-VAR",2.5,83160,83
E1402,MEDIALEX,"10 RUE DU BREIL, 35000 RENNES",2.5,35000,35
H1401,ONG CONSEIL,"12 RUE GERMAIN, 69006 LYON-06",3.3,69006,69
H1401,DAHER AEROSPACE,"Service des ressources humaines,  RUE DES PYRENEES, 65290 LOUEY",3.6,65290,65
H1401,ALTEN SUD OUEST," RUE ALAIN FOURNIER, 31300 TOULOUSE",3.1,31300,31
H1401,ETIC EVENEMENT,"Service des ressources humaines, 21 RUE ELIE PELAS, 13016 MARSEILLE-16",3.3,13016,13
H1401,SEGULA GLOBAL SERVICES,"32 CHEMIN DE LA TUILIERE, 13127 VITROLLES",3.1,13127,13
H1401,CAPRISK DEVELOPMENT,"Service des ressources humaines,  AV J R G GAUTIER DE LA LAUZIERE, 13290 AIX-EN-PROVENCE",3.1,13290,13
H1401,AKSIS PROFIL EMPLOI PROFILEMPLOI,"18 RUE CHARLES PICARD, 02100 SAINT-QUENTIN",2.8,2100,2
H1401,LAGRANGE,"Service des ressources humaines, 27 RUE BOSSUET, 69006 LYON-06",3.3,69006,69
H1401,CAPGEMINI DEMS FRANCE,"350 AV J R G GAUTIER DE LA LAUZIERE, 13290 AIX-EN-PROVENCE",2.5,13290,13
H1401,RATIER-FIGEAC,"Service des ressources humaines,  AVENUE DE RATIER, 46100 FIGEAC",2.5,46100,46
H1401,AFD TECHNOLOGIES,"Service des ressources humaines, 50 AVENUE DES CHAMPS ELYSEES, 75008 PARIS-08",2.5,75008,75
H1401,SAFRAN HELICOPTER ENGINES,"Service des ressources humaines,  AVENUE JOSEPH SZYDLOWSKI, 64510 BORDES",2.8,64510,64
H1401,ALTRAN TECHNOLOGIES,"1035 RUE EMILIEN GAUTIER, 13290 AIX-EN-PROVENCE",2.5,13290,13
H1401,MODIS FRANCE,"90 ESPLANADE GENERAL DE GAULLE, 92400 COURBEVOIE",2.5,92400,92
H1401,METALINE DATA CENTER SERVICES,"183 AVENUE GEORGES CLEMENCEAU, 92000 NANTERRE",2.5,92000,92
H1401,UMLAUT,"Service des ressources humaines, 3 BOULEVARD HENRI ZIEGLER, 31700 BLAGNAC",2.5,31700,31
H1401,PACK SOLUTIONS,"Service des ressources humaines, 600 AVENUE DE GRAND ANGLES, 30133 LES-ANGLES",2.5,30133,30
H1401,VULCAIN SERVICES,"Service des ressources humaines, 5 RUE BEFFROY, 92200 NEUILLY-SUR-SEINE",2.5,92200,92
H1401,MECANIQUE AERONAUTIQUE PYRENEENNE,"Service des ressources humaines,  RUE DE LA VALLEE D OSSAU, 64121 SERRES-CASTET",2.5,64121,64
H1401,DEVOTEAM,"Service des ressources humaines, 73 RUE ANATOLE FRANCE, 92300 LEVALLOIS-PERRET",2.5,92300,92
M1805,MANPOWER (EUROPE),"118 BOULEVARD DE L EUROPE, 76100 ROUEN",2.5,76100,76
M1805,ADAMING SERVICES,"Service des ressources humaines, 2 RUE HEGEL, 59160 LILLE",4.7,59160,59
M1805,CAPGEMINI TECHNOLOGY SERVICES,"145 QUAI DU PRESIDENT ROOSEVELT, 92130 ISSY-LES-MOULINEAUX",4.8,92130,92
M1805,CAPGEMINI TECHNOLOGY SERVICES,"7 AVENUE MARIE LOUISE DELWAULLE, 59160 LILLE",4.7,59160,59
M1805,ONG CONSEIL,"12 RUE GERMAIN, 69006 LYON-06",4.6,69006,69
M1805,CENTRE EUROPEEN DE FORMATION,"Service des ressources humaines, 19 RUE NICOLAS APPERT, 59650 VILLENEUVE-D-ASCQ",4.5,59650,59
M1805,ASTEK,"Service des ressources humaines,  RUE DE LA TERRE VICTORIA, 35760 SAINT-GREGOIRE",4.5,35760,35
M1805,MEOSIS,"1 RUE DE LUGANO, 68180 HORBOURG-WIHR",4.5,68180,68
M1805,RENNES ATALANTE LES LANTHANIDES,"2 RUE CLAUDE CHAPPE, 35510 CESSON-SEVIGNE",4.5,35510,35
M1805,SOPRA STERIA GROUP,"Service des ressources humaines, 5 PLACE DE L IRIS, 92400 COURBEVOIE",4.7,92400,92
M1805,COLIBRI - MONECHELLE.COM,"Service des ressources humaines, 52 RUE BAYEN, 75017 PARIS-17",4.4,75017,75
M1805,CELAD,"Service des ressources humaines, 48 ROUTE DE LAVAUR, 31130 BALMA",4.5,31130,31
M1805,TESSI 2 M,"Service des ressources humaines, 5 RUE DE COIVREL, 60420 MAIGNELAY-MONTIGNY",4.5,60420,60
M1805,ARPEGE,"Service des ressources humaines, 13 RUE DE LA LOIRE, 44230 SAINT-SEBASTIEN-SUR-LOIRE",4.5,44230,44
M1805,ALTEN SUD OUEST," RUE ALAIN FOURNIER, 31300 TOULOUSE",4.5,31300,31
M1805,AVANADE FRANCE,"68 BD MARCEL PAUL LE LIBERT, 44800 SAINT-HERBLAIN",4.4,44800,44
M1805,HELPLINE,"148 AVENUE JEAN JAURES, 69007 LYON-07",4.4,69007,69
M1805,BIP TESSI,"Service des ressources humaines, 1 AVENUE DES SATELLITES, 33185 LE-HAILLAN",4.5,33185,33
M1805,SOPRA HR SOFTWARE,"Service des ressources humaines, 5 PLACE DE L IRIS, 92400 COURBEVOIE",4.5,92400,92
M1805,DEVOTEAM CUSTOMER EFFECTIVENESS,"73 RUE ANATOLE FRANCE, 92300 LEVALLOIS-PERRET",4.4,92300,92
M1204,MANPOWER (LOUVIERS),"16 RUE DU CORNU, 27400 LOUVIERS",2.5,27400,27
M1204,MANPOWER (EUROPE),"118 BOULEVARD DE L EUROPE, 76100 ROUEN",2.5,76100,76
M1204,ONG CONSEIL,"12 RUE GERMAIN, 69006 LYON-06",4.5,69006,69
M1204,CAPGEMINI TECHNOLOGY SERVICES,"145 QUAI DU PRESIDENT ROOSEVELT, 92130 ISSY-LES-MOULINEAUX",4.4,92130,92
M1204,PENELOPE L'AGENCE,"Service des ressources humaines, 39 BOULEVARD VAUBAN, 78280 GUYANCOURT",4.4,78280,78
M1204,FREE MOBILE,"Service des ressources humaines, 16 RUE DE LA VILLE L EVEQUE, 75008 PARIS-08",4.4,75008,75
M1204,AKSIS PROFIL EMPLOI PROFILEMPLOI,"18 RUE CHARLES PICARD, 02100 SAINT-QUENTIN",4.4,2100,2
M1204,ETIC EVENEMENT,"Service des ressources humaines, 21 RUE ELIE PELAS, 13016 MARSEILLE-16",4.5,13016,13
M1204,BPCE LEASE,"Service des ressources humaines, 4 PLACE DE LA COUPOLE, 94220 CHARENTON-LE-PONT",3.8,94220,94
M1204,AXA ASSISTANCE FRANCE,"Service des ressources humaines, 6 RUE ANDRE GIDE, 92320 CHATILLON",3.8,92320,92
M1204,CLINIQUE DE LA SAUVEGARDE,"Service des ressources humaines, 480 AVENUE BEN GOURION, 69009 LYON-09",3.8,69009,69
M1204,OPTEVEN,"Service des ressources humaines, 10 RUE OLYMPE DE GOUGES, 69100 VILLEURBANNE",3.8,69100,69
M1204,CAPGEMINI TECHNOLOGY SERVICES,"7 AVENUE MARIE LOUISE DELWAULLE, 59160 LILLE",3.6,59160,59
M1204,ALTEN SUD OUEST," RUE ALAIN FOURNIER, 31300 TOULOUSE",3.5,31300,31
M1204,WEBHELP,"Service des ressources humaines,  parc d activites d etrelles sud, 35370 ETRELLES",4.6,35370,35
M1204,CENTRE LECLERC,"Service des ressources humaines, 2 RUE BERNARD PALISSY, 54500 VANDOEUVRE-LES-NANCY",3.5,54500,54
M1204,SOPRA STERIA GROUP,"Service des ressources humaines, 5 PLACE DE L IRIS, 92400 COURBEVOIE",3.6,92400,92
M1204,SOCIETE D'EXPLOITATION HOTELIERE CHEVAL,"Service des ressources humaines, 24 RUE JEAN GOUJON, 75008 PARIS-08",3.5,75008,75
M1204,CHALLANCIN ACCUEIL ET SERVICES,"Service des ressources humaines, 2 AV DU PRESIDENT SALVADOR ALLENDE, 93100 MONTREUIL",3.8,93100,93
M1204,PACK SOLUTIONS,"Service des ressources humaines, 600 AVENUE DE GRAND ANGLES, 30133 LES-ANGLES",4.1,30133,30
M1201,ONG CONSEIL,"12 RUE GERMAIN, 69006 LYON-06",4.4,69006,69
M1201,LA BANQUE POSTALE FINANCEMENT,"Service des ressources humaines, 110 RUE AMBROISE CROIZAT, 93200 SAINT-DENIS",4.4,93200,93
M1201,ETIC EVENEMENT,"Service des ressources humaines, 21 RUE ELIE PELAS, 13016 MARSEILLE-16",4.4,13016,13
M1201,CAPGEMINI TECHNOLOGY SERVICES,"145 QUAI DU PRESIDENT ROOSEVELT, 92130 ISSY-LES-MOULINEAUX",3.8,92130,92
M1201,AKSIS PROFIL EMPLOI PROFILEMPLOI,"18 RUE CHARLES PICARD, 02100 SAINT-QUENTIN",4.1,2100,2
M1201,DIAC,"Service des ressources humaines, 14 AV DU PAVE NEUF, 93160 NOISY-LE-GRAND",3.8,93160,93
M1201,EUROTITRISATION,"Service des ressources humaines, 12 RUE JAMES WATT, 93200 SAINT-DENIS",3.6,93200,93
M1201,PACK SOLUTIONS,"Service des ressources humaines, 600 AVENUE DE GRAND ANGLES, 30133 LES-ANGLES",3.8,30133,30
M1201,BPIFRANCE,"Service des ressources humaines, 27 AVENUE DU GENERAL LECLERC, 94700 MAISONS-ALFORT",3.8,94700,94
M1201,DOMITYS NORD,"42 AV RAYMOND POINCARE, 75116 PARIS-16",3.1,75116,75
M1201,MEILLEUR TAUX,"Service des ressources humaines,  COURS COMMANDANT FRATACCI, 76600 LE-HAVRE",4.0,76600,76
M1201,SOCIETE GENERALE,"Service des ressources humaines, 17 C VALMY, 92800 PUTEAUX",4.5,92800,92
M1201,LAGRANGE,"Service des ressources humaines, 27 RUE BOSSUET, 69006 LYON-06",4.4,69006,69
M1201,WCS,"13 RUE ALFRED KASTLER, 71530 FRAGNES-LA-LOYERE",3.8,71530,71
M1201,KYANEOS ASSET MANAGEMENT,"8 RUE D ANNANELLE, 84000 AVIGNON",3.6,84000,84
M1201,ERNST ET YOUNG ADVISORY,"Service des ressources humaines, 1 PL DES SAISONS, 92400 COURBEVOIE",3.1,92400,92
M1201,SOCIETE FINANCIERE DE DEVELOPPEMENT DE L,"Service des ressources humaines, 303 SQ DES CHAMPS ELYSEES, 91080 EVRY",3.3,91080,91
M1201,HOPPS GROUP,"Service des ressources humaines, 1330 AV J R G GAUTIER DE LA LAUZIERE, 13290 AIX-EN-PROVENCE",4.3,13290,13
M1201,COFIDIS*,"Service des ressources humaines, 61 AVENUE HALLEY, 59650 VILLENEUVE-D-ASCQ",4.5,59650,59
M1201,CREDIT DU NORD RAMBOUILLET,"Service des ressources humaines, 28 PLACE RIHOUR, 59800 LILLE",3.1,59800,59
M1803,MANPOWER (LOUVIERS),"16 RUE DU CORNU, 27400 LOUVIERS",2.5,27400,27
M1803,MANPOWER (EUROPE),"118 BOULEVARD DE L EUROPE, 76100 ROUEN",2.5,76100,76
M1803,CAPGEMINI TECHNOLOGY SERVICES,"145 QUAI DU PRESIDENT ROOSEVELT, 92130 ISSY-LES-MOULINEAUX",4.6,92130,92
M1803,CAPGEMINI TECHNOLOGY SERVICES,"7 AVENUE MARIE LOUISE DELWAULLE, 59160 LILLE",4.5,59160,59
M1803,ONG CONSEIL,"12 RUE GERMAIN, 69006 LYON-06",4.5,69006,69
M1803,ADAMING SERVICES,"Service des ressources humaines, 2 RUE HEGEL, 59160 LILLE",4.5,59160,59
M1803,SOPRA STERIA GROUP,"Service des ressources humaines, 5 PLACE DE L IRIS, 92400 COURBEVOIE",4.5,92400,92
M1803,CENTRE EUROPEEN DE FORMATION,"Service des ressources humaines, 19 RUE NICOLAS APPERT, 59650 VILLENEUVE-D-ASCQ",4.2,59650,59
M1803,INFODIS IT,"Service des ressources humaines, 165 AV DU BOIS DE LA PIE, 95700 ROISSY-EN-FRANCE",4.5,95700,95
M1803,DCARTE ENGINEERING SA,"Service des ressources humaines, 18 RUE DES REMPARTS D AINAY, 69002 LYON-02",4.4,69002,69
M1803,EXPERIS FRANCE,"Service des ressources humaines, 22 RUE HERGE, 59650 VILLENEUVE-D-ASCQ",4.4,59650,59
M1803,INSIEMA,"Service des ressources humaines, 12 RUE DU FORT DE SAINT CYR, 78180 MONTIGNY-LE-BRETONNEUX",4.4,78180,78
M1803,PENELOPE L'AGENCE,"Service des ressources humaines, 39 BOULEVARD VAUBAN, 78280 GUYANCOURT",4.4,78280,78
M1803,TESSI 2 M,"Service des ressources humaines, 5 RUE DE COIVREL, 60420 MAIGNELAY-MONTIGNY",4.0,60420,60
M1803,AKSIS PROFIL EMPLOI PROFILEMPLOI,"18 RUE CHARLES PICARD, 02100 SAINT-QUENTIN",4.5,2100,2
M1803,BIP TESSI,"Service des ressources humaines, 1 AVENUE DES SATELLITES, 33185 LE-HAILLAN",4.0,33185,33
M1803,PERFO SERVICE,"Service des ressources humaines, 66 RUE DE LA TALAUDIERE, 42000 SAINT-ETIENNE",4.4,42000,42
M1803,ARPEGE,"Service des ressources humaines, 13 RUE DE LA LOIRE, 44230 SAINT-SEBASTIEN-SUR-LOIRE",4.0,44230,44
M1803,ETIC EVENEMENT,"Service des ressources humaines, 21 RUE ELIE PELAS, 13016 MARSEILLE-16",4.5,13016,13
M1803,SEDI,"Service des ressources humaines, 39 RUE DES HAUTES PATURES, 92000 NANTERRE",4.4,92000,92
M1503,SECURITAS STATIQUE,"18 AVENUE DE CHAMBERY, 73190 CHALLES-LES-EAUX",2.5,73190,73
M1503,MANPOWER (LOUVIERS),"16 RUE DU CORNU, 27400 LOUVIERS",2.7,27400,27
M1503,MANPOWER (EUROPE),"118 BOULEVARD DE L EUROPE, 76100 ROUEN",2.5,76100,76
M1503,CENTRE EUROPEEN DE FORMATION,"Service des ressources humaines, 19 RUE NICOLAS APPERT, 59650 VILLENEUVE-D-ASCQ",4.5,59650,59
M1503,ONG CONSEIL,"12 RUE GERMAIN, 69006 LYON-06",4.5,69006,69
M1503,PENELOPE L'AGENCE,"Service des ressources humaines, 39 BOULEVARD VAUBAN, 78280 GUYANCOURT",4.4,78280,78
M1503,AKSIS PROFIL EMPLOI PROFILEMPLOI,"18 RUE CHARLES PICARD, 02100 SAINT-QUENTIN",4.4,2100,2
M1503,CAPGEMINI TECHNOLOGY SERVICES,"145 QUAI DU PRESIDENT ROOSEVELT, 92130 ISSY-LES-MOULINEAUX",4.0,92130,92
M1503,ETIC EVENEMENT,"Service des ressources humaines, 21 RUE ELIE PELAS, 13016 MARSEILLE-16",4.5,13016,13
M1503,ADEQUAT,"5 RUE DOCTEUR FRAPPAZ, 69100 VILLEURBANNE",4.5,69100,69
M1503,SUP INTERIM,"7 AVENUE DE LA GARE, 21110 GENLIS",4.0,21110,21
M1503,ADECCO,"2 RUE HENRI LEGAY, 69100 VILLEURBANNE",3.6,69100,69
M1503,INSERT SOLUTIONS EI,"76 AVENUE DU SIDOBRE, 81100 CASTRES",3.8,81100,81
M1503,MANPOWER FRANCE," ROUTE DE LA SABLIERE, 13011 MARSEILLE-11",3.6,13011,13
M1503,AECD,"Service des ressources humaines, 56 AVENUE DES CHUTES LAVIE, 13004 MARSEILLE-04",4.0,13004,13
M1503,PACK SOLUTIONS,"Service des ressources humaines, 600 AVENUE DE GRAND ANGLES, 30133 LES-ANGLES",4.3,30133,30
M1503,CLINIQUE DE LA SAUVEGARDE,"Service des ressources humaines, 480 AVENUE BEN GOURION, 69009 LYON-09",3.6,69009,69
M1503,ISG - INDUSTRIE (TUYAUTERIE-SOUDURE),"75 RUE DU DAUPHINE, 69003 LYON-03",4.1,69003,69
M1503,MANPOWER FRANCE,"9 PLACE DE LA RESISTANCE, 14000 CAEN",3.6,14000,14
M1503,OFFICE FRANCAIS DE LA BIODIVERSITE,"12 COURS LOUIS LUMIERE, 94300 VINCENNES",3.7,94300,94
M1804,CAPGEMINI TECHNOLOGY SERVICES,"145 QUAI DU PRESIDENT ROOSEVELT, 92130 ISSY-LES-MOULINEAUX",4.4,92130,92
M1804,FREE MOBILE,"Service des ressources humaines, 16 RUE DE LA VILLE L EVEQUE, 75008 PARIS-08",4.6,75008,75
M1804,TISSEO SERVICES,"Service des ressources humaines, 14 RUE ALEXANDRE, 92230 GENNEVILLIERS",4.4,92230,92
M1804,CAPGEMINI TECHNOLOGY SERVICES,"7 AVENUE MARIE LOUISE DELWAULLE, 59160 LILLE",3.7,59160,59
M1804,CENTRALLY,"18 RUE RENE CASSIN, 51430 BEZANNES",4.4,51430,51
M1804,SOPRA STERIA GROUP,"Service des ressources humaines, 5 PLACE DE L IRIS, 92400 COURBEVOIE",3.7,92400,92
M1804,ALTEN SUD OUEST," RUE ALAIN FOURNIER, 31300 TOULOUSE",3.6,31300,31
M1804,INFODIS IT,"Service des ressources humaines, 165 AV DU BOIS DE LA PIE, 95700 ROISSY-EN-FRANCE",3.7,95700,95
M1804,ONG CONSEIL,"12 RUE GERMAIN, 69006 LYON-06",3.4,69006,69
M1804,BOUYGUES TELECOM ENTREPRISES,"Service des ressources humaines, 25 AVENUE VICTOR HUGO, 33700 MERIGNAC",4.0,33700,33
M1804,RESEAU-SOLUTION INTERNET TELECOM INTER,"Service des ressources humaines, 17 AVENUE DE LA METALLURGIE, 93210 SAINT-DENIS",4.4,93210,93
M1804,SEGULA GLOBAL SERVICES,"32 CHEMIN DE LA TUILIERE, 13127 VITROLLES",3.6,13127,13
M1804,M.N.L. RESEAU,"1 AVENUE LAENNEC, 93380 PIERREFITTE-SUR-SEINE",3.5,93380,93
M1804,ICART,"Service des ressources humaines, 189 RUE D AUBERVILLIERS, 75018 PARIS-18",3.8,75018,75
M1804,SYNCHRONE,"Service des ressources humaines, 405 AVENUE GALILEE, 13290 AIX-EN-PROVENCE",3.7,13290,13
M1804,GFI INFORMATIQUE,"Service des ressources humaines, 17 RUE EDOUARD DELESALLE, 59800 LILLE",3.7,59800,59
M1804,EMA.TECHNOLOGIES,"Service des ressources humaines, 21B RUE DES FRERES LUMIERE, 69680 CHASSIEU",3.5,69680,69
M1804,CAPGEMINI TECHNOLOGY SERVICES,"Service des ressources humaines, 109 AVENUE DU GENERAL EISENHOWER, 31100 TOULOUSE",3.4,31100,31
M1804,BOUYGUES TELECOM ENTREPRISES,"Service des ressources humaines,  ALLEE CHARLES PATHE, 18000 BOURGES",4.3,18000,18
M1804,ETIC EVENEMENT,"Service des ressources humaines, 21 RUE ELIE PELAS, 13016 MARSEILLE-16",3.4,13016,13
I1304,GYS,"Service des ressources humaines, 1 RUE DE LA CROIX DES LANDES, 53940 SAINT-BERTHEVIN",4.6,53940,53
I1304,FRAMATOME,"Service des ressources humaines, 5 AVENUE DE LA DEPORTATION, 26100 ROMANS-SUR-ISERE",4.6,26100,26
I1304,ARC FRANCE,"Service des ressources humaines, 104 AV DU GENERAL DE GAULLE, 62510 ARQUES",4.7,62510,62
I1304,ALUMINIUM FRANCE EXTRUSION SAINT FLORENT,"Service des ressources humaines,  ROUTE DE TONNERRE, 89600 GERMIGNY",4.5,89600,89
I1304,NATURA PLUS ULTRA PET FOOD,"Service des ressources humaines,  AGROPOLE 3, 47310 ESTILLAC",4.5,47310,47
I1304,ETUDES TECHNIQUES ASSISTANCE MAINTENANCE,"Service des ressources humaines,  RUE GABRIEL LAURETTE, 59880 SAINT-SAULVE",4.5,59880,59
I1304,EVIOSYS PACKAGING FRANCE,"Service des ressources humaines,  ROUTE DE TROYES, 21400 MONTLIOT-ET-COURCELLES",4.4,21400,21
I1304,ERELIA,91160 CHAMPLAN,4.8,91160,91
I1304,AXON'MECHATRONICS,"Service des ressources humaines, 103 AVENUE DE TY BOS, 29000 QUIMPER",4.4,29000,29
I1304,ALSTOM CRESPIN SAS,"Service des ressources humaines, 1 PL DES ATELIERS, 59154 CRESPIN",4.5,59154,59
I1304,TIMAC AGRO,"Service des ressources humaines, 27 AVENUE FRANKLIN ROOSEVELT, 35400 SAINT-MALO",4.5,35400,35
I1304,ALTEN SUD OUEST," RUE ALAIN FOURNIER, 31300 TOULOUSE",4.4,31300,31
I1304,UMICORE BUILDING PRODUCTS FRANCE,"Service des ressources humaines,  ZONE ARTISANALE DU BOURG, 12110 VIVIEZ",4.4,12110,12
I1304,ORANO DEM TRICASTIN,"Service des ressources humaines,  ATOMIQUE, 26700 PIERRELATTE",4.6,26700,26
I1304,COMPAGNIE DES CRISTALLERIES DE SAINT LOU,"Service des ressources humaines,  SAINT LOUIS LES BITCHE, 57620 SAINT-LOUIS-LES-BITCHE",4.4,57620,57
I1304,NEXANS FRANCE,"Service des ressources humaines, 48 RUE PAULIN PECQUEUX, 02110 BOHAIN-EN-VERMANDOIS",4.4,2110,2
I1304,WIZPAPER,"2B RUE DU CHOCQUET, 62570 WIZERNES",4.5,62570,62
I1304,SEMIN,"Service des ressources humaines, 60110 AMBLAINVILLE",4.4,60110,60
I1304,ACIERIES HACHETTE ET DRIOUT,"Service des ressources humaines, 11 AV DU GENERAL SARRAIL, 52100 SAINT-DIZIER",4.5,52100,52
I1304,FLANDRIA ALUMINIUM,"Service des ressources humaines, 40 ROUTE DE DEULEMONT, 59560 WARNETON",4.5,59560,59
M1802,CAPGEMINI TECHNOLOGY SERVICES,"145 QUAI DU PRESIDENT ROOSEVELT, 92130 ISSY-LES-MOULINEAUX",4.6,92130,92
M1802,CAPGEMINI TECHNOLOGY SERVICES,"7 AVENUE MARIE LOUISE DELWAULLE, 59160 LILLE",4.4,59160,59
M1802,SOPRA STERIA GROUP,"Service des ressources humaines, 5 PLACE DE L IRIS, 92400 COURBEVOIE",4.4,92400,92
M1802,INFODIS IT,"Service des ressources humaines, 165 AV DU BOIS DE LA PIE, 95700 ROISSY-EN-FRANCE",4.4,95700,95
M1802,ADAMING SERVICES,"Service des ressources humaines, 2 RUE HEGEL, 59160 LILLE",3.8,59160,59
M1802,ONG CONSEIL,"12 RUE GERMAIN, 69006 LYON-06",3.8,69006,69
M1802,SYNCHRONE,"Service des ressources humaines, 405 AVENUE GALILEE, 13290 AIX-EN-PROVENCE",4.4,13290,13
M1802,GFI INFORMATIQUE,"Service des ressources humaines, 17 RUE EDOUARD DELESALLE, 59800 LILLE",4.4,59800,59
M1802,EXPERIS FRANCE,"Service des ressources humaines, 22 RUE HERGE, 59650 VILLENEUVE-D-ASCQ",3.8,59650,59
M1802,INSIEMA,"Service des ressources humaines, 12 RUE DU FORT DE SAINT CYR, 78180 MONTIGNY-LE-BRETONNEUX",3.8,78180,78
M1802,PROCHEQUE NORD,"Service des ressources humaines, 137 RUE DU FONTENOY, 59100 ROUBAIX",4.5,59100,59
M1802,CAPGEMINI TECHNOLOGY SERVICES,"Service des ressources humaines, 109 AVENUE DU GENERAL EISENHOWER, 31100 TOULOUSE",4.0,31100,31
M1802,TESSI 2 M,"Service des ressources humaines, 5 RUE DE COIVREL, 60420 MAIGNELAY-MONTIGNY",3.5,60420,60
M1802,BIP TESSI,"Service des ressources humaines, 1 AVENUE DES SATELLITES, 33185 LE-HAILLAN",3.5,33185,33
M1802,DCARTE ENGINEERING SA,"Service des ressources humaines, 18 RUE DES REMPARTS D AINAY, 69002 LYON-02",3.6,69002,69
M1802,PERFO SERVICE,"Service des ressources humaines, 66 RUE DE LA TALAUDIERE, 42000 SAINT-ETIENNE",3.8,42000,42
M1802,CAPGEMINI TECHNOLOGY SERVICES,"16 MAIL PABLO PICASSO, 44000 NANTES",4.4,44000,44
M1802,CGI FRANCE,"Service des ressources humaines,  AV DU DOCTEUR MAURICE GRYNFOGEL, 31100 TOULOUSE",4.0,31100,31
M1802,ETIC EVENEMENT,"Service des ressources humaines, 21 RUE ELIE PELAS, 13016 MARSEILLE-16",3.8,13016,13
M1802,SEDI,"Service des ressources humaines, 39 RUE DES HAUTES PATURES, 92000 NANTERRE",3.8,92000,92
M1203,BATIGERE GRAND EST,"1 RUE DU PONT ROUGE, 57070 METZ",3.9,57070,57
M1203,SECURITAS STATIQUE,"18 AVENUE DE CHAMBERY, 73190 CHALLES-LES-EAUX",3.0,73190,73
M1203,BATIGERE GRAND EST,"Service des ressources humaines, 26 RUE GAMBETTA, 54400 LONGWY",2.5,54400,54
M1203,OLOUMI AVOCATS ASSOCIES,"15 RUE ASSALIT, 06000 NICE",2.5,6000,6
M1203,BATIGERE GRAND EST,"Service des ressources humaines, 12 RUE DES CARMES, 54000 NANCY",3.7,54000,54
M1203,PAIE CONSEIL ET SOLUTIONS,"6 AVENUE DES SATELLITES, 33185 LE-HAILLAN",3.5,33185,33
M1203,MANPOWER (LOUVIERS),"16 RUE DU CORNU, 27400 LOUVIERS",3.3,27400,27
M1203,MANPOWER (EUROPE),"118 BOULEVARD DE L EUROPE, 76100 ROUEN",2.5,76100,76
M1203,PATRICK MANTOAN SARL,"59 ROUTE DE VANNES, 44100 NANTES",2.5,44100,44
M1203,MECS LA RECAMPA,"423 ROUTE DE GAP, 05400 LA-ROCHE-DES-ARNAUDS",2.5,5400,5
M1203,CENTRE EUROPEEN DE FORMATION,"Service des ressources humaines, 19 RUE NICOLAS APPERT, 59650 VILLENEUVE-D-ASCQ",4.6,59650,59
M1203,ONG CONSEIL,"12 RUE GERMAIN, 69006 LYON-06",4.6,69006,69
M1203,FINANCIA EXPERT,"3 RUE DES MARRONNIERS, 71270 PIERRE-DE-BRESSE",4.5,71270,71
M1203,AXA ASSISTANCE FRANCE,"Service des ressources humaines, 6 RUE ANDRE GIDE, 92320 CHATILLON",4.5,92320,92
M1203,CPAM OISE,"Service des ressources humaines, 1 RUE DE SAVOIE, 60000 BEAUVAIS",4.6,60000,60
M1203,SCA NORMANDE,"Service des ressources humaines, 106 RUE PAUL CORNU, 14100 LISIEUX",4.5,14100,14
M1203,BT LEC OUEST,"Service des ressources humaines,  ROUTE DE CORDEMAIS, 44360 SAINT-ETIENNE-DE-MONTLUC",4.5,44360,44
M1203,KERMENE,"Service des ressources humaines, 13 LE PEREY   SAINT JACUT DU MENE, 22330 LE-MENE",4.5,22330,22
M1203,TITI FLORIS,"Service des ressources humaines, 7 RUE LOUIS BLERIOT, 44700 ORVAULT",4.5,44700,44
M1203,SCAOUEST,"Service des ressources humaines,  PLACE DE LA GARE, 44360 SAINT-ETIENNE-DE-MONTLUC",4.5,44360,44
H2603,VIATEMIS,"Service des ressources humaines, 125 RTE DE PARIS, 03410 SAINT-VICTOR",2.5,3410,3
H2603,EGIDE,"Service des ressources humaines,  SITE SACTAR, 84500 BOLLENE",4.4,84500,84
H2603,THALES DMS FRANCE SAS,"Service des ressources humaines,  ZONE ARTISANALE DE PIQUET, 35370 ETRELLES",4.5,35370,35
H2603,ENERSYS SARL,"Service des ressources humaines,  RUE ALEXANDER FLEMING, 62000 ARRAS",4.2,62000,62
H2603,APTIV SERVICES 2 FRANCE SAS,"Service des ressources humaines,  RUE DES LONGS REAGES, 28230 EPERNON",3.8,28230,28
H2603,AXON'MECHATRONICS,"Service des ressources humaines, 103 AVENUE DE TY BOS, 29000 QUIMPER",3.8,29000,29
H2603,EXXELIA,"1 RUE DES TEMPS MODERNES, 77600 CHANTELOUP-EN-BRIE",4.4,77600,77
H2603,AMPHENOL FCI BESANCON,"Service des ressources humaines, 2 RUE LA FAYETTE, 25000 BESANCON",3.8,25000,25
H2603,OBERTHUR TECHNOLOGIES,"Service des ressources humaines,  AVENUE D HELMSTEDT, 35500 VITRE",3.5,35500,35
H2603,S INDUSTRIES,"Service des ressources humaines,  RTE DE SAINT LAURENT, 76760 YERVILLE",3.6,76760,76
H2603,KEOPSYS INDUSTRIES,"Service des ressources humaines, 2 RUE PAUL SABATIER, 22300 LANNION",4.5,22300,22
H2603,NOVATECH TECHNOLOGIES,"Service des ressources humaines,  RUE DE QUIMPER, 29590 PONT-DE-BUIS-LES-QUIMERCH",3.5,29590,29
H2603,FABRICATION ELECTRONIQUE DE DORDOGNE,"Service des ressources humaines,  LD LES MAIMES, 24510 SAINTE-ALVERE-SAINT-LAURENT-LES-BATONS",3.5,24510,24
H2603,SAFT,"Service des ressources humaines,  ZONE INDUSTRIELLE, 16440 NERSAC",3.6,16440,16
H2603,MINILAMPE,"Service des ressources humaines,  CHE DE MAQUENS, 11000 CARCASSONNE",3.6,11000,11
H2603,SERIBASE INDUSTRIE,"Service des ressources humaines, 17 RUE DE LA LIBERATION, 53200 CHATEAU-GONTIER",3.6,53200,53
H2603,STOCKO CONTACT,"Service des ressources humaines, 7 ROUTE D EICHHOFFEN, 67140 ANDLAU",3.6,67140,67
H2603,GAUTHIER CONNECTIQUE,"Service des ressources humaines, 188 RUE DE LA LIBERTE, 50300 AVRANCHES",3.4,50300,50
H2603,ESARIS INDUSTRIES - SITE ATI-INTERCO,"Service des ressources humaines, 14 RUE LEONARD DE VINCI, 91090 LISSES",3.6,91090,91
H2603,GERAL CONSTRUCT ELECTR ET TRAVAUX INDUST,"Service des ressources humaines,  ROUTE DE LYON, 01300 BELLEY",3.5,1300,1
